"Core","Vertex count","Edge count","Density","Component count","Giant component vertex percentage","Giant component edge percentage","Giant component small world coefficient","Giant component diameter","Average clustering coefficient"
"0","115.0","613.0","0.0935163996948894","1.0","100.0","100.0","1.2540808543096873","4.0","0.403216011042098"
"1","115.0","613.0","0.0935163996948894","1.0","100.0","100.0","1.2540808543096873","4.0","0.403216011042098"
"2","115.0","613.0","0.0935163996948894","1.0","100.0","100.0","1.2540808543096873","4.0","0.403216011042098"
"3","115.0","613.0","0.0935163996948894","1.0","100.0","100.0","1.2540808543096873","4.0","0.403216011042098"
"4","115.0","613.0","0.0935163996948894","1.0","100.0","100.0","1.2540808543096873","4.0","0.403216011042098"
"5","115.0","613.0","0.0935163996948894","1.0","100.0","100.0","1.2540808543096873","4.0","0.403216011042098"
"6","115.0","613.0","0.0935163996948894","1.0","100.0","100.0","1.2540808543096873","4.0","0.403216011042098"
"7","114.0","606.0","0.09408476944573824","1.0","100.0","100.0","1.2533768048439684","4.0","0.40918837497784866"
"8","0.0","0.0","0.0","0.0","0.0","0.0","0.0","0.0","0.0"
