"Core","Vertex count","Edge count","Density","Component count","Giant component vertex percentage","Giant component edge percentage","Giant component small world coefficient","Giant component diameter","Average clustering coefficient"
"0","112.0","425.0","0.06837194337194337","1.0","100.0","100.0","1.2677767052767053","5.0","0.17284007981036792"
"1","102.0","415.0","0.08056688021743351","1.0","100.0","100.0","1.199087555814405","5.0","0.19226324337232462"
"2","89.0","389.0","0.09933605720122574","1.0","100.0","100.0","1.1353421859039836","4.0","0.20823348205350284"
"3","79.0","359.0","0.11652061019149627","1.0","100.0","100.0","1.0839013307367737","4.0","0.22150824601683075"
"4","63.0","298.0","0.1525857654889913","1.0","100.0","100.0","1.0092165898617511","3.0","0.2604241525670097"
"5","44.0","210.0","0.2219873150105708","1.0","100.0","100.0","0.9223044397463002","3.0","0.3263624528542919"
"6","0.0","0.0","0.0","0.0","0.0","0.0","0.0","0.0","0.0"
